car_number,timestamp
е228рт178,2020-04-08T02:40:50
р497рв178,2020-04-08T11:26:22
а451ер47,2020-04-08T01:42:47
х067уа13,2020-04-08T06:56:09
а248на778,2020-04-07T23:52:03
а542ох13,2020-04-08T07:09:12
м681ср11,2020-04-08T16:57:39
н959от778,2020-04-07T21:23:29
т476хм11,2020-04-07T22:31:45
х286вс11,2020-04-08T00:27:18
к308мм48,2020-04-07T23:07:22
р157нс47,2020-04-09T00:22:52
м318ут47,2020-04-08T02:41:22
р410кн777,2020-04-07T20:32:58
м176сх77,2020-04-07T20:46:15
в530сс77,2020-04-08T16:57:29
к807ао13,2020-04-08T19:34:33
в169ус47,2020-04-07T20:26:49
х890ак178,2020-04-08T15:31:06
у761тр48,2020-04-08T20:06:00
м240нн777,2020-04-09T04:59:29
к229хв77,2020-04-08T08:23:55
р693нт147,2020-04-07T22:58:09
м555мс47,2020-04-07T23:42:48
а736ем77,2020-04-07T22:46:58
е166нс147,2020-04-07T19:51:50
к841му47,2020-04-08T06:21:45
р798сн13,2020-04-08T23:51:27
о335ев13,2020-04-09T03:50:07
с191см77,2020-04-08T15:26:58
м417сс78,2020-04-08T16:44:25
р110см77,2020-04-08T23:51:53
в131вх78,2020-04-09T01:08:41
в935ха147,2020-04-07T19:50:47
р233ср178,2020-04-07T20:31:57
в720ву777,2020-04-08T12:51:53
о855ту13,2020-04-08T13:07:30
н605ов48,2020-04-08T12:53:52
м005тм47,2020-04-08T21:49:15
о079мр778,2020-04-08T06:41:42
р830со778,2020-04-08T11:49:38
р015хр777,2020-04-08T12:35:50
у178ек13,2020-04-08T13:26:11
р691тв13,2020-04-09T02:18:09
к915те47,2020-04-09T03:12:01
н737ав78,2020-04-08T08:36:33
у176ха178,2020-04-08T20:55:09
о984кв77,2020-04-08T20:17:31
а514вт778,2020-04-08T10:58:40
о589рр13,2020-04-08T11:21:20
о512мк147,2020-04-07T21:27:33
х210рр78,2020-04-07T20:01:08
о143кн778,2020-04-09T05:56:21
а837кс13,2020-04-08T12:42:19
р492рв778,2020-04-09T04:22:49
р101нр78,2020-04-07T20:39:19
с443тв778,2020-04-07T21:33:15
т100оа178,2020-04-08T19:57:22
к713нн178,2020-04-08T10:14:23
н842св147,2020-04-08T19:32:36
с173ок11,2020-04-07T21:29:11
о380ра13,2020-04-09T04:55:47
м132вк77,2020-04-09T04:20:16
с978тх777,2020-04-08T05:09:34
а559кв77,2020-04-08T09:21:08
р694ну47,2020-04-09T04:58:24
т921ве777,2020-04-09T01:44:37
р420уо147,2020-04-09T00:01:09
о153ма77,2020-04-09T02:59:14
в784ах77,2020-04-08T21:06:48
р191уу778,2020-04-08T12:13:43
т467мт147,2020-04-08T01:06:40
н514ау778,2020-04-08T20:22:14
н212ну777,2020-04-08T08:04:10
м336ас47,2020-04-08T08:15:58
х751ус48,2020-04-08T22:18:01
т706ам78,2020-04-09T02:35:52
к855тт47,2020-04-07T21:51:10
р211ку178,2020-04-07T22:38:21
е187ме777,2020-04-08T04:34:02
р428рт178,2020-04-08T11:34:35
х409рт77,2020-04-08T11:24:57
р078ое178,2020-04-08T15:52:59
у662мр78,2020-04-08T19:50:31
у610ос77,2020-04-07T21:42:49
о031уо178,2020-04-09T02:17:32
м170су777,2020-04-07T22:00:37
е601ах13,2020-04-08T07:36:15
с164су147,2020-04-07T23:36:24
в585вр178,2020-04-09T01:42:06
с315рн147,2020-04-09T04:10:18
х256мо147,2020-04-09T05:56:12
у191ва178,2020-04-08T18:46:43
е601нх78,2020-04-08T21:38:54
е436ус777,2020-04-09T03:26:17
е601ах78,2020-04-09T04:48:04
о609рк78,2020-04-08T23:28:24
н416ар178,2020-04-08T18:48:15
с838ва47,2020-04-08T11:19:01
м028но48,2020-04-08T01:27:24
в653но178,2020-04-08T01:57:19
т430тн777,2020-04-08T18:01:08
т447ее47,2020-04-09T04:56:53
с076рв78,2020-04-08T04:10:12
с924хс11,2020-04-09T03:14:35
а953ра77,2020-04-08T08:00:40
м455ух47,2020-04-08T05:48:28
у034ас178,2020-04-08T08:36:35
х789мв47,2020-04-08T03:20:47
о944со11,2020-04-09T06:32:52
е929нс778,2020-04-08T11:01:39
е772оо48,2020-04-08T02:01:39
р395та13,2020-04-09T01:45:17
а314мх147,2020-04-08T16:06:21
а895му77,2020-04-09T04:06:25
м846рс147,2020-04-08T19:26:16
х419ву178,2020-04-08T14:28:15
н272тс11,2020-04-09T00:37:37
о908хс778,2020-04-08T14:04:00
